Sequence,folioURN,Siglum,RV,name
601,urn:cite:fufolio:msCodBod25.001r,codbod25,recto,folio001r
602,urn:cite:fufolio:msCodBod25.001v,codbod25,verso,folio001v
603,urn:cite:fufolio:msCodBod25.002r,codbod25,recto,folio002r
604,urn:cite:fufolio:msCodBod25.002v,codbod25,verso,folio002v
605,urn:cite:fufolio:msCodBod25.003r,codbod25,recto,folio003r
606,urn:cite:fufolio:msCodBod25.003v,codbod25,verso,folio003v
607,urn:cite:fufolio:msCodBod25.004r,codbod25,recto,folio004r
608,urn:cite:fufolio:msCodBod25.004v,codbod25,verso,folio004v
609,urn:cite:fufolio:msCodBod25.005r,codbod25,recto,folio005r
610,urn:cite:fufolio:msCodBod25.005v,codbod25,verso,folio005v
611,urn:cite:fufolio:msCodBod25.006r,codbod25,recto,folio006r
612,urn:cite:fufolio:msCodBod25.006v,codbod25,verso,folio006v
613,urn:cite:fufolio:msCodBod25.007r,codbod25,recto,folio007r
614,urn:cite:fufolio:msCodBod25.007v,codbod25,verso,folio007v
615,urn:cite:fufolio:msCodBod25.008r,codbod25,recto,folio008r
616,urn:cite:fufolio:msCodBod25.008v,codbod25,verso,folio008v
617,urn:cite:fufolio:msCodBod25.009r,codbod25,recto,folio009r
618,urn:cite:fufolio:msCodBod25.009v,codbod25,verso,folio009v
619,urn:cite:fufolio:msCodBod25.010r,codbod25,recto,folio010r
620,urn:cite:fufolio:msCodBod25.010v,codbod25,verso,folio010v
621,urn:cite:fufolio:msCodBod25.011r,codbod25,recto,folio011r
622,urn:cite:fufolio:msCodBod25.011v,codbod25,verso,folio011v
623,urn:cite:fufolio:msCodBod25.012r,codbod25,recto,folio012r
624,urn:cite:fufolio:msCodBod25.012v,codbod25,verso,folio012v
625,urn:cite:fufolio:msCodBod25.013r,codbod25,recto,folio013r
626,urn:cite:fufolio:msCodBod25.013v,codbod25,verso,folio013v
627,urn:cite:fufolio:msCodBod25.014r,codbod25,recto,folio014r
628,urn:cite:fufolio:msCodBod25.014v,codbod25,verso,folio014v
629,urn:cite:fufolio:msCodBod25.015r,codbod25,recto,folio015r
630,urn:cite:fufolio:msCodBod25.015v,codbod25,verso,folio015v
631,urn:cite:fufolio:msCodBod25.016r,codbod25,recto,folio016r
632,urn:cite:fufolio:msCodBod25.016v,codbod25,verso,folio016v
633,urn:cite:fufolio:msCodBod25.017r,codbod25,recto,folio017r
634,urn:cite:fufolio:msCodBod25.017v,codbod25,verso,folio017v
635,urn:cite:fufolio:msCodBod25.018r,codbod25,recto,folio018r
636,urn:cite:fufolio:msCodBod25.018v,codbod25,verso,folio018v
637,urn:cite:fufolio:msCodBod25.019r,codbod25,recto,folio019r
638,urn:cite:fufolio:msCodBod25.019v,codbod25,verso,folio019v
639,urn:cite:fufolio:msCodBod25.020r,codbod25,recto,folio020r
640,urn:cite:fufolio:msCodBod25.020v,codbod25,verso,folio020v
641,urn:cite:fufolio:msCodBod25.021r,codbod25,recto,folio021r
642,urn:cite:fufolio:msCodBod25.021v,codbod25,verso,folio021v
643,urn:cite:fufolio:msCodBod25.022r,codbod25,recto,folio022r
644,urn:cite:fufolio:msCodBod25.022v,codbod25,verso,folio022v
645,urn:cite:fufolio:msCodBod25.023r,codbod25,recto,folio023r
646,urn:cite:fufolio:msCodBod25.023v,codbod25,verso,folio023v
647,urn:cite:fufolio:msCodBod25.024r,codbod25,recto,folio024r
648,urn:cite:fufolio:msCodBod25.024v,codbod25,verso,folio024v
649,urn:cite:fufolio:msCodBod25.025r,codbod25,recto,folio025r
650,urn:cite:fufolio:msCodBod25.025v,codbod25,verso,folio025v
651,urn:cite:fufolio:msCodBod25.026r,codbod25,recto,folio026r
652,urn:cite:fufolio:msCodBod25.026v,codbod25,verso,folio026v
653,urn:cite:fufolio:msCodBod25.027r,codbod25,recto,folio027r
654,urn:cite:fufolio:msCodBod25.027v,codbod25,verso,folio027v
655,urn:cite:fufolio:msCodBod25.028r,codbod25,recto,folio028r
656,urn:cite:fufolio:msCodBod25.028v,codbod25,verso,folio028v
657,urn:cite:fufolio:msCodBod25.029r,codbod25,recto,folio029r
658,urn:cite:fufolio:msCodBod25.029v,codbod25,verso,folio029v
659,urn:cite:fufolio:msCodBod25.030r,codbod25,recto,folio030r
660,urn:cite:fufolio:msCodBod25.030v,codbod25,verso,folio030v
661,urn:cite:fufolio:msCodBod25.031r,codbod25,recto,folio031r
662,urn:cite:fufolio:msCodBod25.031v,codbod25,verso,folio031v
663,urn:cite:fufolio:msCodBod25.032r,codbod25,recto,folio032r
664,urn:cite:fufolio:msCodBod25.032v,codbod25,verso,folio032v
665,urn:cite:fufolio:msCodBod25.033r,codbod25,recto,folio033r
666,urn:cite:fufolio:msCodBod25.033v,codbod25,verso,folio033v
667,urn:cite:fufolio:msCodBod25.034r,codbod25,recto,folio034r
668,urn:cite:fufolio:msCodBod25.034v,codbod25,verso,folio034v
669,urn:cite:fufolio:msCodBod25.035r,codbod25,recto,folio035r
670,urn:cite:fufolio:msCodBod25.035v,codbod25,verso,folio035v
671,urn:cite:fufolio:msCodBod25.036r,codbod25,recto,folio036r
672,urn:cite:fufolio:msCodBod25.036v,codbod25,verso,folio036v
673,urn:cite:fufolio:msCodBod25.037r,codbod25,recto,folio037r
674,urn:cite:fufolio:msCodBod25.037v,codbod25,verso,folio037v
675,urn:cite:fufolio:msCodBod25.038r,codbod25,recto,folio038r
676,urn:cite:fufolio:msCodBod25.038v,codbod25,verso,folio038v
677,urn:cite:fufolio:msCodBod25.039r,codbod25,recto,folio039r
678,urn:cite:fufolio:msCodBod25.039v,codbod25,verso,folio039v
679,urn:cite:fufolio:msCodBod25.040r,codbod25,recto,folio040r
680,urn:cite:fufolio:msCodBod25.040v,codbod25,verso,folio040v
681,urn:cite:fufolio:msCodBod25.041r,codbod25,recto,folio041r
682,urn:cite:fufolio:msCodBod25.041v,codbod25,verso,folio041v
683,urn:cite:fufolio:msCodBod25.042r,codbod25,recto,folio042r
684,urn:cite:fufolio:msCodBod25.042v,codbod25,verso,folio042v
685,urn:cite:fufolio:msCodBod25.043r,codbod25,recto,folio043r
686,urn:cite:fufolio:msCodBod25.043v,codbod25,verso,folio043v
687,urn:cite:fufolio:msCodBod25.044r,codbod25,recto,folio044r
688,urn:cite:fufolio:msCodBod25.044v,codbod25,verso,folio044v
689,urn:cite:fufolio:msCodBod25.045r,codbod25,recto,folio045r
690,urn:cite:fufolio:msCodBod25.045v,codbod25,verso,folio045v
691,urn:cite:fufolio:msCodBod25.046r,codbod25,recto,folio046r
692,urn:cite:fufolio:msCodBod25.046v,codbod25,verso,folio046v
693,urn:cite:fufolio:msCodBod25.047r,codbod25,recto,folio047r
694,urn:cite:fufolio:msCodBod25.047v,codbod25,verso,folio047v
695,urn:cite:fufolio:msCodBod25.048r,codbod25,recto,folio048r
696,urn:cite:fufolio:msCodBod25.048v,codbod25,verso,folio048v
697,urn:cite:fufolio:msCodBod25.049r,codbod25,recto,folio049r
698,urn:cite:fufolio:msCodBod25.049v,codbod25,verso,folio049v
699,urn:cite:fufolio:msCodBod25.050r,codbod25,recto,folio050r
700,urn:cite:fufolio:msCodBod25.050v,codbod25,verso,folio050v
701,urn:cite:fufolio:msCodBod25.051r,codbod25,recto,folio051r
702,urn:cite:fufolio:msCodBod25.051v,codbod25,verso,folio051v
703,urn:cite:fufolio:msCodBod25.052r,codbod25,recto,folio052r
704,urn:cite:fufolio:msCodBod25.052v,codbod25,verso,folio052v
705,urn:cite:fufolio:msCodBod25.053r,codbod25,recto,folio053r
706,urn:cite:fufolio:msCodBod25.053v,codbod25,verso,folio053v
707,urn:cite:fufolio:msCodBod25.054r,codbod25,recto,folio054r
708,urn:cite:fufolio:msCodBod25.054v,codbod25,verso,folio054v
709,urn:cite:fufolio:msCodBod25.055r,codbod25,recto,folio055r
710,urn:cite:fufolio:msCodBod25.055v,codbod25,verso,folio055v
711,urn:cite:fufolio:msCodBod25.056r,codbod25,recto,folio056r
712,urn:cite:fufolio:msCodBod25.056v,codbod25,verso,folio056v
713,urn:cite:fufolio:msCodBod25.057r,codbod25,recto,folio057r
714,urn:cite:fufolio:msCodBod25.057v,codbod25,verso,folio057v
715,urn:cite:fufolio:msCodBod25.058r,codbod25,recto,folio058r
716,urn:cite:fufolio:msCodBod25.058v,codbod25,verso,folio058v
717,urn:cite:fufolio:msCodBod25.059r,codbod25,recto,folio059r
718,urn:cite:fufolio:msCodBod25.059v,codbod25,verso,folio059v
719,urn:cite:fufolio:msCodBod25.060r,codbod25,recto,folio060r
720,urn:cite:fufolio:msCodBod25.060v,codbod25,verso,folio060v
721,urn:cite:fufolio:msCodBod25.061r,codbod25,recto,folio061r
722,urn:cite:fufolio:msCodBod25.061v,codbod25,verso,folio061v
723,urn:cite:fufolio:msCodBod25.062r,codbod25,recto,folio062r
724,urn:cite:fufolio:msCodBod25.062v,codbod25,verso,folio062v
725,urn:cite:fufolio:msCodBod25.063r,codbod25,recto,folio063r
726,urn:cite:fufolio:msCodBod25.063v,codbod25,verso,folio063v
727,urn:cite:fufolio:msCodBod25.064r,codbod25,recto,folio064r
728,urn:cite:fufolio:msCodBod25.064v,codbod25,verso,folio064v
729,urn:cite:fufolio:msCodBod25.065r,codbod25,recto,folio065r
730,urn:cite:fufolio:msCodBod25.065v,codbod25,verso,folio065v
731,urn:cite:fufolio:msCodBod25.066r,codbod25,recto,folio066r
732,urn:cite:fufolio:msCodBod25.066v,codbod25,verso,folio066v
733,urn:cite:fufolio:msCodBod25.067r,codbod25,recto,folio067r
734,urn:cite:fufolio:msCodBod25.067v,codbod25,verso,folio067v
735,urn:cite:fufolio:msCodBod25.068r,codbod25,recto,folio068r
736,urn:cite:fufolio:msCodBod25.068v,codbod25,verso,folio068v
737,urn:cite:fufolio:msCodBod25.069r,codbod25,recto,folio069r
738,urn:cite:fufolio:msCodBod25.069v,codbod25,verso,folio069v
739,urn:cite:fufolio:msCodBod25.070r,codbod25,recto,folio070r
740,urn:cite:fufolio:msCodBod25.070v,codbod25,verso,folio070v
741,urn:cite:fufolio:msCodBod25.071r,codbod25,recto,folio071r
742,urn:cite:fufolio:msCodBod25.071v,codbod25,verso,folio071v
743,urn:cite:fufolio:msCodBod25.072r,codbod25,recto,folio072r
744,urn:cite:fufolio:msCodBod25.072v,codbod25,verso,folio072v
745,urn:cite:fufolio:msCodBod25.073r,codbod25,recto,folio073r
746,urn:cite:fufolio:msCodBod25.073v,codbod25,verso,folio073v
747,urn:cite:fufolio:msCodBod25.074r,codbod25,recto,folio074r
748,urn:cite:fufolio:msCodBod25.074v,codbod25,verso,folio074v
749,urn:cite:fufolio:msCodBod25.075r,codbod25,recto,folio075r
750,urn:cite:fufolio:msCodBod25.075v,codbod25,verso,folio075v
751,urn:cite:fufolio:msCodBod25.076r,codbod25,recto,folio076r
752,urn:cite:fufolio:msCodBod25.076v,codbod25,verso,folio076v
753,urn:cite:fufolio:msCodBod25.077r,codbod25,recto,folio077r
754,urn:cite:fufolio:msCodBod25.077v,codbod25,verso,folio077v
755,urn:cite:fufolio:msCodBod25.078r,codbod25,recto,folio078r
756,urn:cite:fufolio:msCodBod25.078v,codbod25,verso,folio078v
757,urn:cite:fufolio:msCodBod25.079r,codbod25,recto,folio079r
758,urn:cite:fufolio:msCodBod25.079v,codbod25,verso,folio079v
759,urn:cite:fufolio:msCodBod25.080r,codbod25,recto,folio080r
760,urn:cite:fufolio:msCodBod25.080v,codbod25,verso,folio080v
761,urn:cite:fufolio:msCodBod25.081r,codbod25,recto,folio081r
762,urn:cite:fufolio:msCodBod25.081v,codbod25,verso,folio081v
763,urn:cite:fufolio:msCodBod25.082r,codbod25,recto,folio082r
764,urn:cite:fufolio:msCodBod25.082v,codbod25,verso,folio082v
765,urn:cite:fufolio:msCodBod25.083r,codbod25,recto,folio083r
766,urn:cite:fufolio:msCodBod25.083v,codbod25,verso,folio083v
767,urn:cite:fufolio:msCodBod25.084r,codbod25,recto,folio084r
768,urn:cite:fufolio:msCodBod25.084v,codbod25,verso,folio084v
769,urn:cite:fufolio:msCodBod25.085r,codbod25,recto,folio085r
770,urn:cite:fufolio:msCodBod25.085v,codbod25,verso,folio085v
771,urn:cite:fufolio:msCodBod25.086r,codbod25,recto,folio086r
772,urn:cite:fufolio:msCodBod25.086v,codbod25,verso,folio086v
773,urn:cite:fufolio:msCodBod25.087r,codbod25,recto,folio087r
774,urn:cite:fufolio:msCodBod25.087v,codbod25,verso,folio087v
775,urn:cite:fufolio:msCodBod25.088r,codbod25,recto,folio088r
776,urn:cite:fufolio:msCodBod25.088v,codbod25,verso,folio088v
777,urn:cite:fufolio:msCodBod25.089r,codbod25,recto,folio089r
778,urn:cite:fufolio:msCodBod25.089v,codbod25,verso,folio089v
779,urn:cite:fufolio:msCodBod25.090r,codbod25,recto,folio090r
780,urn:cite:fufolio:msCodBod25.090v,codbod25,verso,folio090v
781,urn:cite:fufolio:msCodBod25.091r,codbod25,recto,folio091r
782,urn:cite:fufolio:msCodBod25.091v,codbod25,verso,folio091v
783,urn:cite:fufolio:msCodBod25.092r,codbod25,recto,folio092r
784,urn:cite:fufolio:msCodBod25.092v,codbod25,verso,folio092v
785,urn:cite:fufolio:msCodBod25.093r,codbod25,recto,folio093r
786,urn:cite:fufolio:msCodBod25.093v,codbod25,verso,folio093v
787,urn:cite:fufolio:msCodBod25.094r,codbod25,recto,folio094r
788,urn:cite:fufolio:msCodBod25.094v,codbod25,verso,folio094v
789,urn:cite:fufolio:msCodBod25.095r,codbod25,recto,folio095r
790,urn:cite:fufolio:msCodBod25.095v,codbod25,verso,folio095v
791,urn:cite:fufolio:msCodBod25.096r,codbod25,recto,folio096r
792,urn:cite:fufolio:msCodBod25.096v,codbod25,verso,folio096v
793,urn:cite:fufolio:msCodBod25.097r,codbod25,recto,folio097r
794,urn:cite:fufolio:msCodBod25.097v,codbod25,verso,folio097v
795,urn:cite:fufolio:msCodBod25.098r,codbod25,recto,folio098r
796,urn:cite:fufolio:msCodBod25.098v,codbod25,verso,folio098v
797,urn:cite:fufolio:msCodBod25.099r,codbod25,recto,folio099r
798,urn:cite:fufolio:msCodBod25.099v,codbod25,verso,folio099v
799,urn:cite:fufolio:msCodBod25.100r,codbod25,recto,folio100r
800,urn:cite:fufolio:msCodBod25.100v,codbod25,verso,folio100v
801,urn:cite:fufolio:msCodBod25.101r,codbod25,recto,folio101r
802,urn:cite:fufolio:msCodBod25.101v,codbod25,verso,folio101v
803,urn:cite:fufolio:msCodBod25.102r,codbod25,recto,folio102r
804,urn:cite:fufolio:msCodBod25.102v,codbod25,verso,folio102v
805,urn:cite:fufolio:msCodBod25.103r,codbod25,recto,folio103r
806,urn:cite:fufolio:msCodBod25.103v,codbod25,verso,folio103v
807,urn:cite:fufolio:msCodBod25.104r,codbod25,recto,folio104r
808,urn:cite:fufolio:msCodBod25.104v,codbod25,verso,folio104v
809,urn:cite:fufolio:msCodBod25.105r,codbod25,recto,folio105r
810,urn:cite:fufolio:msCodBod25.105v,codbod25,verso,folio105v
811,urn:cite:fufolio:msCodBod25.106r,codbod25,recto,folio106r
812,urn:cite:fufolio:msCodBod25.106v,codbod25,verso,folio106v
813,urn:cite:fufolio:msCodBod25.107r,codbod25,recto,folio107r
814,urn:cite:fufolio:msCodBod25.107v,codbod25,verso,folio107v
815,urn:cite:fufolio:msCodBod25.108r,codbod25,recto,folio108r
816,urn:cite:fufolio:msCodBod25.108v,codbod25,verso,folio108v
817,urn:cite:fufolio:msCodBod25.109r,codbod25,recto,folio109r
818,urn:cite:fufolio:msCodBod25.109v,codbod25,verso,folio109v
819,urn:cite:fufolio:msCodBod25.110r,codbod25,recto,folio110r
820,urn:cite:fufolio:msCodBod25.110v,codbod25,verso,folio110v
821,urn:cite:fufolio:msCodBod25.111r,codbod25,recto,folio111r
822,urn:cite:fufolio:msCodBod25.111v,codbod25,verso,folio111v
823,urn:cite:fufolio:msCodBod25.112r,codbod25,recto,folio112r
824,urn:cite:fufolio:msCodBod25.112v,codbod25,verso,folio112v
825,urn:cite:fufolio:msCodBod25.113r,codbod25,recto,folio113r
826,urn:cite:fufolio:msCodBod25.113v,codbod25,verso,folio113v
827,urn:cite:fufolio:msCodBod25.114r,codbod25,recto,folio114r
828,urn:cite:fufolio:msCodBod25.114v,codbod25,verso,folio114v
829,urn:cite:fufolio:msCodBod25.115r,codbod25,recto,folio115r
830,urn:cite:fufolio:msCodBod25.115v,codbod25,verso,folio115v
831,urn:cite:fufolio:msCodBod25.116r,codbod25,recto,folio116r
832,urn:cite:fufolio:msCodBod25.116v,codbod25,verso,folio116v
833,urn:cite:fufolio:msCodBod25.117r,codbod25,recto,folio117r
834,urn:cite:fufolio:msCodBod25.117v,codbod25,verso,folio117v
835,urn:cite:fufolio:msCodBod25.118r,codbod25,recto,folio118r
836,urn:cite:fufolio:msCodBod25.118v,codbod25,verso,folio118v
837,urn:cite:fufolio:msCodBod25.119r,codbod25,recto,folio119r
838,urn:cite:fufolio:msCodBod25.119v,codbod25,verso,folio119v
839,urn:cite:fufolio:msCodBod25.120r,codbod25,recto,folio120r
840,urn:cite:fufolio:msCodBod25.120v,codbod25,verso,folio120v
841,urn:cite:fufolio:msCodBod25.121r,codbod25,recto,folio121r
842,urn:cite:fufolio:msCodBod25.121v,codbod25,verso,folio121v
843,urn:cite:fufolio:msCodBod25.122r,codbod25,recto,folio122r
844,urn:cite:fufolio:msCodBod25.122v,codbod25,verso,folio122v
845,urn:cite:fufolio:msCodBod25.123r,codbod25,recto,folio123r
846,urn:cite:fufolio:msCodBod25.123v,codbod25,verso,folio123v
847,urn:cite:fufolio:msCodBod25.124r,codbod25,recto,folio124r
848,urn:cite:fufolio:msCodBod25.124v,codbod25,verso,folio124v
849,urn:cite:fufolio:msCodBod25.125r,codbod25,recto,folio125r
850,urn:cite:fufolio:msCodBod25.125v,codbod25,verso,folio125v
851,urn:cite:fufolio:msCodBod25.126r,codbod25,recto,folio126r
852,urn:cite:fufolio:msCodBod25.126v,codbod25,verso,folio126v
853,urn:cite:fufolio:msCodBod25.127r,codbod25,recto,folio127r
854,urn:cite:fufolio:msCodBod25.127v,codbod25,verso,folio127v
855,urn:cite:fufolio:msCodBod25.128r,codbod25,recto,folio128r
856,urn:cite:fufolio:msCodBod25.128v,codbod25,verso,folio128v
857,urn:cite:fufolio:msCodBod25.129r,codbod25,recto,folio129r
858,urn:cite:fufolio:msCodBod25.129v,codbod25,verso,folio129v
859,urn:cite:fufolio:msCodBod25.130r,codbod25,recto,folio130r
860,urn:cite:fufolio:msCodBod25.130v,codbod25,verso,folio130v
861,urn:cite:fufolio:msCodBod25.131r,codbod25,recto,folio131r
862,urn:cite:fufolio:msCodBod25.131v,codbod25,verso,folio131v
863,urn:cite:fufolio:msCodBod25.132r,codbod25,recto,folio132r
864,urn:cite:fufolio:msCodBod25.132v,codbod25,verso,folio132v
865,urn:cite:fufolio:msCodBod25.133r,codbod25,recto,folio133r
866,urn:cite:fufolio:msCodBod25.133v,codbod25,verso,folio133v
867,urn:cite:fufolio:msCodBod25.134r,codbod25,recto,folio134r
868,urn:cite:fufolio:msCodBod25.134v,codbod25,verso,folio134v
869,urn:cite:fufolio:msCodBod25.135r,codbod25,recto,folio135r
870,urn:cite:fufolio:msCodBod25.135v,codbod25,verso,folio135v
871,urn:cite:fufolio:msCodBod25.136r,codbod25,recto,folio136r
872,urn:cite:fufolio:msCodBod25.136v,codbod25,verso,folio136v
873,urn:cite:fufolio:msCodBod25.137r,codbod25,recto,folio137r
874,urn:cite:fufolio:msCodBod25.137v,codbod25,verso,folio137v
875,urn:cite:fufolio:msCodBod25.138r,codbod25,recto,folio138r
876,urn:cite:fufolio:msCodBod25.138v,codbod25,verso,folio138v
877,urn:cite:fufolio:msCodBod25.139r,codbod25,recto,folio139r
878,urn:cite:fufolio:msCodBod25.139v,codbod25,verso,folio139v
879,urn:cite:fufolio:msCodBod25.140r,codbod25,recto,folio140r
880,urn:cite:fufolio:msCodBod25.140v,codbod25,verso,folio140v
881,urn:cite:fufolio:msCodBod25.141r,codbod25,recto,folio141r
882,urn:cite:fufolio:msCodBod25.141v,codbod25,verso,folio141v
883,urn:cite:fufolio:msCodBod25.142r,codbod25,recto,folio142r
884,urn:cite:fufolio:msCodBod25.142v,codbod25,verso,folio142v
885,urn:cite:fufolio:msCodBod25.143r,codbod25,recto,folio143r
886,urn:cite:fufolio:msCodBod25.143v,codbod25,verso,folio143v
887,urn:cite:fufolio:msCodBod25.144r,codbod25,recto,folio144r
888,urn:cite:fufolio:msCodBod25.144v,codbod25,verso,folio144v
889,urn:cite:fufolio:msCodBod25.145r,codbod25,recto,folio145r
890,urn:cite:fufolio:msCodBod25.145v,codbod25,verso,folio145v
891,urn:cite:fufolio:msCodBod25.146r,codbod25,recto,folio146r
892,urn:cite:fufolio:msCodBod25.146v,codbod25,verso,folio146v
893,urn:cite:fufolio:msCodBod25.147r,codbod25,recto,folio147r
894,urn:cite:fufolio:msCodBod25.147v,codbod25,verso,folio147v
895,urn:cite:fufolio:msCodBod25.148r,codbod25,recto,folio148r
896,urn:cite:fufolio:msCodBod25.148v,codbod25,verso,folio148v
897,urn:cite:fufolio:msCodBod25.149r,codbod25,recto,folio149r
898,urn:cite:fufolio:msCodBod25.149v,codbod25,verso,folio149v
899,urn:cite:fufolio:msCodBod25.150r,codbod25,recto,folio150r
900,urn:cite:fufolio:msCodBod25.150v,codbod25,verso,folio150v
901,urn:cite:fufolio:msCodBod25.151r,codbod25,recto,folio151r
902,urn:cite:fufolio:msCodBod25.151v,codbod25,verso,folio151v
903,urn:cite:fufolio:msCodBod25.152r,codbod25,recto,folio152r
904,urn:cite:fufolio:msCodBod25.152v,codbod25,verso,folio152v
905,urn:cite:fufolio:msCodBod25.153r,codbod25,recto,folio153r
906,urn:cite:fufolio:msCodBod25.153v,codbod25,verso,folio153v
907,urn:cite:fufolio:msCodBod25.154r,codbod25,recto,folio154r
908,urn:cite:fufolio:msCodBod25.154v,codbod25,verso,folio154v
909,urn:cite:fufolio:msCodBod25.155r,codbod25,recto,folio155r
910,urn:cite:fufolio:msCodBod25.155v,codbod25,verso,folio155v
911,urn:cite:fufolio:msCodBod25.156r,codbod25,recto,folio156r
912,urn:cite:fufolio:msCodBod25.156v,codbod25,verso,folio156v
913,urn:cite:fufolio:msCodBod25.157r,codbod25,recto,folio157r
914,urn:cite:fufolio:msCodBod25.157v,codbod25,verso,folio157v
915,urn:cite:fufolio:msCodBod25.158r,codbod25,recto,folio158r
916,urn:cite:fufolio:msCodBod25.158v,codbod25,verso,folio158v
917,urn:cite:fufolio:msCodBod25.159r,codbod25,recto,folio159r
918,urn:cite:fufolio:msCodBod25.159v,codbod25,verso,folio159v
919,urn:cite:fufolio:msCodBod25.160r,codbod25,recto,folio160r
920,urn:cite:fufolio:msCodBod25.160v,codbod25,verso,folio160v
921,urn:cite:fufolio:msCodBod25.161r,codbod25,recto,folio161r
922,urn:cite:fufolio:msCodBod25.161v,codbod25,verso,folio161v
923,urn:cite:fufolio:msCodBod25.162r,codbod25,recto,folio162r
924,urn:cite:fufolio:msCodBod25.162v,codbod25,verso,folio162v
925,urn:cite:fufolio:msCodBod25.163r,codbod25,recto,folio163r
926,urn:cite:fufolio:msCodBod25.163v,codbod25,verso,folio163v
927,urn:cite:fufolio:msCodBod25.164r,codbod25,recto,folio164r
928,urn:cite:fufolio:msCodBod25.164v,codbod25,verso,folio164v
929,urn:cite:fufolio:msCodBod25.165r,codbod25,recto,folio165r
930,urn:cite:fufolio:msCodBod25.165v,codbod25,verso,folio165v
931,urn:cite:fufolio:msCodBod25.166r,codbod25,recto,folio166r
932,urn:cite:fufolio:msCodBod25.166v,codbod25,verso,folio166v
933,urn:cite:fufolio:msCodBod25.167r,codbod25,recto,folio167r
934,urn:cite:fufolio:msCodBod25.167v,codbod25,verso,folio167v
935,urn:cite:fufolio:msCodBod25.168r,codbod25,recto,folio168r
936,urn:cite:fufolio:msCodBod25.168v,codbod25,verso,folio168v
937,urn:cite:fufolio:msCodBod25.169r,codbod25,recto,folio169r
938,urn:cite:fufolio:msCodBod25.169v,codbod25,verso,folio169v
939,urn:cite:fufolio:msCodBod25.170r,codbod25,recto,folio170r
940,urn:cite:fufolio:msCodBod25.170v,codbod25,verso,folio170v
941,urn:cite:fufolio:msCodBod25.171r,codbod25,recto,folio171r
942,urn:cite:fufolio:msCodBod25.171v,codbod25,verso,folio171v
943,urn:cite:fufolio:msCodBod25.172r,codbod25,recto,folio172r
944,urn:cite:fufolio:msCodBod25.172v,codbod25,verso,folio172v
945,urn:cite:fufolio:msCodBod25.173r,codbod25,recto,folio173r
946,urn:cite:fufolio:msCodBod25.173v,codbod25,verso,folio173v
947,urn:cite:fufolio:msCodBod25.174r,codbod25,recto,folio174r
948,urn:cite:fufolio:msCodBod25.174v,codbod25,verso,folio174v
949,urn:cite:fufolio:msCodBod25.175r,codbod25,recto,folio175r
950,urn:cite:fufolio:msCodBod25.175v,codbod25,verso,folio175v
951,urn:cite:fufolio:msCodBod25.176r,codbod25,recto,folio176r
952,urn:cite:fufolio:msCodBod25.176v,codbod25,verso,folio176v
953,urn:cite:fufolio:msCodBod25.177r,codbod25,recto,folio177r
954,urn:cite:fufolio:msCodBod25.177v,codbod25,verso,folio177v
955,urn:cite:fufolio:msCodBod25.178r,codbod25,recto,folio178r
956,urn:cite:fufolio:msCodBod25.178v,codbod25,verso,folio178v
957,urn:cite:fufolio:msCodBod25.179r,codbod25,recto,folio179r
958,urn:cite:fufolio:msCodBod25.179v,codbod25,verso,folio179v
959,urn:cite:fufolio:msCodBod25.180r,codbod25,recto,folio180r
960,urn:cite:fufolio:msCodBod25.180v,codbod25,verso,folio180v
961,urn:cite:fufolio:msCodBod25.181r,codbod25,recto,folio181r
962,urn:cite:fufolio:msCodBod25.181v,codbod25,verso,folio181v
963,urn:cite:fufolio:msCodBod25.182r,codbod25,recto,folio182r
964,urn:cite:fufolio:msCodBod25.182v,codbod25,verso,folio182v
965,urn:cite:fufolio:msCodBod25.183r,codbod25,recto,folio183r
966,urn:cite:fufolio:msCodBod25.183v,codbod25,verso,folio183v
967,urn:cite:fufolio:msCodBod25.184r,codbod25,recto,folio184r
968,urn:cite:fufolio:msCodBod25.184v,codbod25,verso,folio184v
969,urn:cite:fufolio:msCodBod25.185r,codbod25,recto,folio185r
970,urn:cite:fufolio:msCodBod25.185v,codbod25,verso,folio185v
971,urn:cite:fufolio:msCodBod25.186r,codbod25,recto,folio186r
972,urn:cite:fufolio:msCodBod25.186v,codbod25,verso,folio186v
973,urn:cite:fufolio:msCodBod25.187r,codbod25,recto,folio187r
974,urn:cite:fufolio:msCodBod25.187v,codbod25,verso,folio187v
975,urn:cite:fufolio:msCodBod25.188r,codbod25,recto,folio188r
976,urn:cite:fufolio:msCodBod25.188v,codbod25,verso,folio188v
977,urn:cite:fufolio:msCodBod25.189r,codbod25,recto,folio189r
978,urn:cite:fufolio:msCodBod25.189v,codbod25,verso,folio189v
979,urn:cite:fufolio:msCodBod25.190r,codbod25,recto,folio190r
980,urn:cite:fufolio:msCodBod25.190v,codbod25,verso,folio190v
981,urn:cite:fufolio:msCodBod25.191r,codbod25,recto,folio191r
982,urn:cite:fufolio:msCodBod25.191v,codbod25,verso,folio191v
983,urn:cite:fufolio:msCodBod25.192r,codbod25,recto,folio192r
984,urn:cite:fufolio:msCodBod25.192v,codbod25,verso,folio192v
985,urn:cite:fufolio:msCodBod25.193r,codbod25,recto,folio193r
986,urn:cite:fufolio:msCodBod25.193v,codbod25,verso,folio193v
987,urn:cite:fufolio:msCodBod25.194r,codbod25,recto,folio194r
988,urn:cite:fufolio:msCodBod25.194v,codbod25,verso,folio194v
989,urn:cite:fufolio:msCodBod25.195r,codbod25,recto,folio195r
990,urn:cite:fufolio:msCodBod25.195v,codbod25,verso,folio195v
991,urn:cite:fufolio:msCodBod25.196r,codbod25,recto,folio196r
992,urn:cite:fufolio:msCodBod25.196v,codbod25,verso,folio196v
